Nome,Tamanho (KB),Link,Data de Criação
sd_note,140079,https://github.com/picturetxl/sd_note,2020-03-18T14:33:46Z
build,123978,https://github.com/abapGit/build,2018-01-14T13:21:30Z
SAP-Thesis,100455,https://github.com/ThanhPhong31/SAP-Thesis,2025-01-17T17:03:28Z
abap-system-program,88744,https://github.com/EchoLiao/abap-system-program,2015-04-04T02:28:24Z
ABAPCode,76506,https://github.com/StringShawn/ABAPCode,2019-03-13T09:21:06Z
Goldwind,64478,https://github.com/caozh90/Goldwind,2017-11-14T01:27:04Z
abap-backup,63425,https://github.com/ksda9001/abap-backup,2024-03-07T06:36:52Z
SAPGit,47368,https://github.com/pgngit/SAPGit,2025-06-05T00:58:31Z
ABAP-Study,46769,https://github.com/hansung0904/ABAP-Study,2023-05-02T23:52:16Z
abap_nantest,46559,https://github.com/lijianangit/abap_nantest,2025-06-05T05:38:43Z
sapteched2018,38261,https://github.com/grahamrobbo/sapteched2018,2018-08-27T23:10:01Z
ziyf,31976,https://github.com/victorizbitskiy/ziyf,2024-09-13T20:03:34Z
sap-abap-domus-project,28846,https://github.com/huynbgithub/sap-abap-domus-project,2024-06-18T10:02:58Z
abapGit,26293,https://github.com/abapGit/abapGit,2014-06-23T05:39:25Z
ABAP,25318,https://github.com/tca85/ABAP,2015-04-09T14:24:28Z
ZABAPTIRTHANKAR,24461,https://github.com/tcjgec2008/ZABAPTIRTHANKAR,2020-08-28T11:41:47Z
SAP,24018,https://github.com/paratemper/SAP,2019-08-09T03:26:15Z
Abap2xls,23574,https://github.com/pmallikarjun/Abap2xls,2022-01-25T14:31:18Z
Abapgit_Arjun,23054,https://github.com/IN22382/Abapgit_Arjun,2021-11-17T07:50:08Z
excel,23004,https://github.com/sivameegada/excel,2022-06-07T15:02:12Z
ABAPGitExcel,22993,https://github.com/luizfiuza/ABAPGitExcel,2021-10-28T08:01:25Z
abap2xlsx,22622,https://github.com/zaveleous/abap2xlsx,2020-02-26T08:25:10Z
abap,22596,https://github.com/ambkps/abap,2019-08-28T14:51:04Z
https-github.com-ivanfemia-abap2xlsx,20869,https://github.com/NonGrande/https-github.com-ivanfemia-abap2xlsx,2018-06-04T03:33:31Z
ABAP-SDK-for-Azure,20428,https://github.com/microsoft/ABAP-SDK-for-Azure,2018-03-10T20:01:50Z
SAP,20100,https://github.com/dongjindu/SAP,2014-05-13T21:41:53Z
odd-abap,19992,https://github.com/lwoodblake/odd-abap,2019-03-23T16:24:42Z
ABAP-SDK-for-Azure,19296,https://github.com/akchaithanya1980/ABAP-SDK-for-Azure,2023-04-03T20:07:40Z
ABAPToTheFuture04,17068,https://github.com/hardyp/ABAPToTheFuture04,2021-02-10T06:10:30Z
Development,15415,https://github.com/gopikrishna705/Development,2025-07-22T16:39:24Z
impl_patterns-state,15120,https://github.com/matthew-developer/impl_patterns-state,2020-01-10T12:22:16Z
Apostilas-SAP-ABAP,14361,https://github.com/GabrielCordeiroBarrosoTeles/Apostilas-SAP-ABAP,2023-09-06T16:53:07Z
ABAP,14133,https://github.com/HugoAntt/ABAP,2024-05-02T13:32:29Z
SAP-ABAP-Development,13027,https://github.com/MislavJaksic/SAP-ABAP-Development,2017-07-07T05:41:01Z
SAP-ABAP,12798,https://github.com/hiranmayigudluri/SAP-ABAP,2025-07-31T08:21:36Z
Material-Master-Upload-BDC-Project-for-MM01-,12630,https://github.com/PoojaKhoday/Material-Master-Upload-BDC-Project-for-MM01-,2025-08-05T07:31:52Z
ZICA_ML,11900,https://github.com/lucattelli/ZICA_ML,2014-12-05T16:01:17Z
SAPFOODIE,11429,https://github.com/hsh6264/SAPFOODIE,2022-11-07T08:32:11Z
abap,11346,https://github.com/Anupam2386/abap,2023-04-14T07:29:54Z
SAP-ABAP,10557,https://github.com/jegadesh213/SAP-ABAP,2024-07-03T05:12:47Z
impl_patterns-methods,10109,https://github.com/matthew-developer/impl_patterns-methods,2020-01-10T12:21:13Z
ZOTC,9956,https://github.com/manu02323/ZOTC,2020-10-19T19:43:42Z
xxabap,9812,https://github.com/2200749497/xxabap,2022-05-27T09:10:37Z
Tennis-Refactoring-Kata-master,9543,https://github.com/gameoft/Tennis-Refactoring-Kata-master,2018-01-27T09:39:35Z
CAST-SAP-Repo,9308,https://github.com/indumathys/CAST-SAP-Repo,2021-11-16T11:13:54Z
SAP-ABAP,8826,https://github.com/NIDHI-PATIL18/SAP-ABAP,2024-08-26T05:55:29Z
upport,8718,https://github.com/abapGit/upport,2020-05-31T17:39:55Z
Coaching,8445,https://github.com/MaddinJay/Coaching,2020-11-20T15:47:43Z
Abap,8206,https://github.com/Gizemkaragozlu/Abap,2022-10-17T12:53:59Z
zpk_mara_update,7960,https://github.com/jacekirlik/zpk_mara_update,2024-02-23T10:46:34Z